date,open_pric,high_pric,low_pric,close_pric,pred_rt,flu_rt,trde_qty,amt_mn,crd_rt,ind,orgn,for_qty,frgn,prm,for_rt,for_poss,for_wght,for_netprps,orgn_netprps,ind_netprps,crd_remn_rt
20241202,+287500,+289000,-279000,-282500,-1500,-0.53,207368,58768,0.53,--15680,+6755,+31455,+1015,+10680,+34.03,+34.03,+34.03,+31455,+6755,--15680,0.53
20241203,+286500,+289000,-279500,282500,0,0.00,251104,71048,0.55,--20406,--22098,+42773,+29332,+42787,+34.09,+34.09,+34.09,+42773,--22098,--20406,0.55
20241204,-271500,-279500,-268500,-276000,-6500,-2.30,410398,112121,0.54,+59421,+37839,--95478,--84272,--29883,+33.95,+33.95,+33.95,--95478,+37839,+59421,0.54
20241205,276000,+277500,-263000,-265000,-11000,-3.99,356114,95714,0.55,+37168,+547,--36136,+35687,--38145,+33.89,+33.89,+33.89,--36136,+547,+37168,0.55
20241206,-264500,+270000,-259000,+266500,+1500,+0.57,293620,77998,0.54,--55348,+73417,--20750,--1078,+2698,+33.86,+33.86,+33.86,--20750,+73417,--55348,0.54
20241209,-257000,-259000,-246000,-246500,-20000,-7.50,604144,150999,0.56,+147513,+6360,--158246,--41520,--161319,+33.64,+33.64,+33.64,--158246,+6360,+147513,0.56
20241210,+250500,+270000,+250500,+268000,+21500,+8.72,436988,115226,0.54,--139066,+77288,+63055,+9817,+78265,+33.72,+33.72,+33.72,+63055,+77288,--139066,0.54
20241211,-267500,+269500,-259500,-262500,-5500,-2.05,262560,69256,0.58,+62575,--14161,--66762,--32019,--9456,+33.63,+33.63,+33.63,--66762,--14161,+62575,0.58
20241212,+265000,+270000,-261000,+267500,+5000,+1.90,423597,112715,0.54,+9064,--36404,+23910,+34207,--61235,+33.67,+33.67,+33.67,+23910,--36404,+9064,0.54
20241213,-262500,+273500,-259000,+268500,+1000,+0.37,245172,65643,0.55,+1122,+12484,--17628,+4306,--12379,+33.63,+33.63,+33.63,--17628,+12484,+1122,0.55
20241216,+270000,+273000,-265500,-268000,-500,-0.19,171458,46002,0.55,+8784,+1915,--11144,--10379,--38193,+33.62,+33.62,+33.62,--11144,+1915,+8784,0.55
20241217,-264500,-266000,-254500,-257000,-11000,-4.10,335413,86384,0.55,+51150,--8624,--43216,--28851,--36356,+33.55,+33.55,+33.55,--43216,--8624,+51150,0.55
20241218,257000,+262500,-255500,+260000,+3000,+1.17,325939,84771,0.55,--25769,+1173,+24880,--22748,+51856,+33.58,+33.58,+33.58,+24880,+1173,--25769,0.55
20241219,-252500,+260500,-250500,-258000,-2000,-0.77,225833,57830,0.57,--4429,--3447,+7482,+27217,--14238,+33.60,+33.60,+33.60,+7482,--3447,--4429,0.57
20241220,+260000,+261500,-254000,-257500,-500,-0.19,280470,72020,0.58,+4316,+14009,--26020,+17796,--87052,+33.55,+33.55,+33.55,--26020,+14009,+4316,0.58
20241223,-256000,257500,-248000,-256000,-1500,-0.58,226183,57257,0.57,+22963,--32439,--59110,+3389,+18963,+33.47,+33.47,+33.47,--59110,--32439,+22963,0.57
20241224,+256500,+258500,-252500,-253000,-3000,-1.17,115503,29441,0.57,+4319,--6550,+101340,+6481,--5146,+33.61,+33.61,+33.61,+101340,--6550,+4319,0.57
20241226,+254000,+254500,-246500,-248000,-5000,-1.98,194741,48527,0.57,+31375,--12104,--18157,+1087,--3526,+33.59,+33.59,+33.59,--18157,--12104,+31375,0.57
20241227,-244000,+250000,-242000,-247000,-1000,-0.40,229662,56455,0.57,--1849,--12214,+14018,+6477,--29171,+33.61,+33.61,+33.61,+14018,--12214,--1849,0.57
20241230,-245000,+255000,-244500,+250000,+3000,+1.21,198781,50137,0.56,--50146,+47818,+3102,--17081,--4756,+33.61,+33.61,+33.61,+3102,+47818,--50146,0.56
20250102,250000,+252000,-240000,-242500,-7500,-3.00,207721,50476,0.56,+79293,--53674,--28602,--8831,--33502,+33.57,+33.57,+33.57,--28602,--53674,+79293,0.56
20250103,-239500,+259000,-239000,+253500,+11000,+4.54,363270,92208,0.54,--80254,+54806,+26624,--34171,+46510,+33.61,+33.61,+33.61,+26624,+54806,--80254,0.54
20250106,+254000,+259500,-251000,+256500,+3000,+1.18,186799,47838,0.56,--14068,--7208,+7935,+23413,+21449,+33.62,+33.62,+33.62,+7935,--7208,--14068,0.56
20250107,+260500,+264000,-255000,-255500,-1000,-0.39,191554,49562,0.54,+25228,--6227,--75249,--14250,+1106,+33.51,+33.51,+33.51,--75249,--6227,+25228,0.54
20250108,-253000,+260000,-252000,+256500,+1000,+0.39,264700,68032,0.53,--3483,--3934,+7399,--14443,+23655,+33.52,+33.52,+33.52,+7399,--3934,--3483,0.53
20250109,256500,256500,-247000,-249000,-7500,-2.92,333340,83236,0.55,+93717,--89306,+60099,+5720,--59901,+33.61,+33.61,+33.61,+60099,--89306,+93717,0.55
20250110,249000,+250500,-245000,-245000,-4000,-1.61,203151,50019,0.55,+56626,--36998,+26906,--23570,--46697,+33.65,+33.65,+33.65,+26906,--36998,+56626,0.55
20250113,-242500,245000,-239000,-241000,-4000,-1.63,209303,50480,0.57,+34940,--21110,--14075,--9699,--24333,+33.63,+33.63,+33.63,--14075,--21110,+34940,0.57
20250114,+243000,+246000,-238500,+244500,+3500,+1.45,272203,66041,0.58,+14156,+12399,--16848,--22354,--11516,+33.60,+33.60,+33.60,--16848,+12399,+14156,0.58
20250115,+245000,+247500,-239500,-240000,-4500,-1.84,182124,44044,0.59,+37724,--29589,--8818,+7516,--20858,+33.59,+33.59,+33.59,--8818,--29589,+37724,0.59
20250116,+244000,+248000,+243000,+244000,+4000,+1.67,187927,46055,0.59,--56223,+12025,+72461,+17911,+46060,+33.69,+33.69,+33.69,+72461,+12025,--56223,0.59
20250117,-242000,+247000,-240000,-243500,-500,-0.20,183472,44686,0.60,--380,--7507,+4536,--4441,+8815,+33.70,+33.70,+33.70,+4536,--7507,--380,0.60
20250120,+247000,+253500,+246500,+252500,+9000,+3.70,246145,61734,0.58,--69401,+39556,+29898,+20536,+46019,+33.74,+33.74,+33.74,+29898,+39556,--69401,0.58
20250121,-250500,252500,-238000,-240500,-12000,-4.75,260411,63139,0.58,+95206,--6749,--88045,--23343,--97329,+33.62,+33.62,+33.62,--88045,--6749,+95206,0.58
20250122,+242000,+249000,+241500,+246000,+5500,+2.29,203935,50102,0.56,--37460,+18711,--20976,+11185,+29132,+33.59,+33.59,+33.59,--20976,+18711,--37460,0.56
20250123,-244500,-244500,-239500,-240500,-5500,-2.24,174612,42052,0.57,+48049,--11714,--61475,+3644,--40216,+33.51,+33.51,+33.51,--61475,--11714,+48049,0.57
20250124,+241000,+242500,-237000,-239500,-1000,-0.42,205167,48938,0.56,+46847,--35111,--15680,--3676,--41304,+33.48,+33.48,+33.48,--15680,--35111,+46847,0.56
20250131,+242000,+242000,-236000,-237500,-2000,-0.84,257381,61174,0.57,+31056,--21112,--41739,+23757,--11069,+33.43,+33.43,+33.43,--41739,--21112,+31056,0.57
20250203,-234500,-234500,-221500,-222000,-15500,-6.53,339676,76271,0.57,+114939,--9827,--108310,--16882,--127652,+33.27,+33.27,+33.27,--108310,--9827,+114939,0.57
20250204,+222500,+223000,-211500,-213000,-9000,-4.05,670959,144537,0.58,+233897,--127714,--149486,--22355,--165065,+33.06,+33.06,+33.06,--149486,--127714,+233897,0.58
20250205,+213500,+224500,+213500,+221500,+8500,+3.99,499007,110518,0.58,--134979,+19448,+81236,+113893,+92039,+33.17,+33.17,+33.17,+81236,+19448,--134979,0.58
20250206,-219500,+222000,-217000,+222000,+500,+0.23,224642,49295,0.63,+2653,+1660,--30875,+11124,--28063,+33.13,+33.13,+33.13,--30875,+1660,+2653,0.63
20250207,-220000,+224500,-216000,-217000,-5000,-2.25,322872,70493,0.59,+51670,+10583,--97980,--58492,--15252,+32.99,+32.99,+32.99,--97980,+10583,+51670,0.59
20250210,-214000,+222000,-208000,+221000,+4000,+1.84,437549,94374,0.60,--50599,+44191,--25291,+9929,+35062,+32.95,+32.95,+32.95,--25291,+44191,--50599,0.60
20250211,+222000,+226000,-218000,+221500,+500,+0.23,205949,45868,0.62,--33120,--3891,--36531,+3678,--5054,+32.90,+32.90,+32.90,--36531,--3891,--33120,0.62
20250212,+222500,+225500,-218500,-220000,-1500,-0.68,209801,46400,0.61,+1065,+8991,--33122,--25392,--25565,+32.85,+32.85,+32.85,--33122,+8991,+1065,0.61
20250213,+220500,+231000,+220500,+229500,+9500,+4.32,486366,111035,0.59,--116482,+2289,+91943,+49300,+84771,+32.98,+32.98,+32.98,+91943,+2289,--116482,0.59
20250214,+231000,+232000,-226500,-227500,-2000,-0.87,201032,46114,0.61,--9041,+41924,--64868,--24305,--36545,+32.89,+32.89,+32.89,--64868,+41924,--9041,0.61
20250217,227500,+241500,227500,+237500,+10000,+4.40,342695,81556,0.57,--90846,+94782,--71655,--30243,--4510,+32.79,+32.79,+32.79,--71655,+94782,--90846,0.57
20250218,+238000,+240500,-236500,+239000,+1500,+0.63,192906,46068,0.56,--9253,+25257,--32843,--21624,--47286,+32.74,+32.74,+32.74,--32843,+25257,--9253,0.56
20250219,-238000,+249500,-238000,+245500,+6500,+2.72,342081,84315,0.56,--64665,+79092,--20744,--23164,--34075,+32.71,+32.71,+32.71,--20744,+79092,--64665,0.56
20250220,-245000,+250000,-244000,+246500,+1000,+0.41,296350,73185,0.54,+7106,+67094,--53204,--87347,--82974,+32.64,+32.64,+32.64,--53204,+67094,+7106,0.54
20250221,246500,+254000,-244500,+251000,+4500,+1.83,289285,72466,0.54,--30304,+67886,--63165,--45561,--63539,+32.55,+32.55,+32.55,--63165,+67886,--30304,0.54
20250224,-249000,+258000,-247500,+255500,+4500,+1.79,245505,62577,0.52,--26236,+32504,--28262,--29695,--32166,+32.51,+32.51,+32.51,--28262,+32504,--26236,0.52
20250225,-253500,-255000,-248000,-248500,-7000,-2.74,196297,49130,0.52,+6584,--7369,--7703,--4305,--38201,+32.50,+32.50,+32.50,--7703,--7369,+6584,0.52
20250226,-245000,+254000,-245000,+252000,+3500,+1.41,190782,47859,0.50,--19279,--806,+2463,--19780,--1214,+32.50,+32.50,+32.50,+2463,--806,--19279,0.50
20250227,-250500,+252500,-247500,-251000,-1000,-0.40,147558,36865,0.50,--12038,--13743,--27861,--7364,--9036,+32.46,+32.46,+32.46,--27861,--13743,--12038,0.50
20250228,-245500,-246500,-233000,-234500,-16500,-6.57,498771,118045,0.49,+90571,--27433,--68845,--92236,--67606,+32.36,+32.36,+32.36,--68845,--27433,+90571,0.49
20250304,-231000,-232500,-225500,-227500,-7000,-2.99,344750,78677,0.49,+5422,--26835,--8483,--4767,+552,+32.35,+32.35,+32.35,--8483,--26835,+5422,0.49
20250305,+229500,+235500,-223500,+230500,+3000,+1.32,307884,70319,0.50,+22834,--2354,--32304,--35853,+5084,+32.31,+32.31,+32.31,--32304,--2354,+22834,0.50
20250306,+233000,+240000,+231000,+233000,+2500,+1.08,201278,47191,0.51,+13033,+7363,--20905,--22360,--20568,+32.28,+32.28,+32.28,--20905,+7363,+13033,0.51
20250307,-229500,+255500,-228000,+250500,+17500,+7.51,762489,189026,0.51,--105074,+89172,+15710,--50998,+60583,+32.30,+32.30,+32.30,+15710,+89172,--105074,0.51
20250310,+254000,+254500,-240500,-247000,-3500,-1.40,306897,75623,0.52,+42525,+29942,--82203,--61615,--64090,+32.18,+32.18,+32.18,--82203,+29942,+42525,0.52
20250311,-237500,-246000,-236000,-238000,-9000,-3.64,247839,59362,0.49,+63507,--48609,--19433,--3894,--27408,+32.15,+32.15,+32.15,--19433,--48609,+63507,0.49
20250312,+240000,+253500,238000,+251000,+13000,+5.46,309456,76512,0.51,--58356,+49642,+7765,--3781,+12263,+32.17,+32.17,+32.17,+7765,+49642,--58356,0.51
20250313,+254000,+254000,-242500,-242500,-8500,-3.39,311370,76464,0.52,+43138,--51183,--6355,--6022,--26927,+32.16,+32.16,+32.16,--6355,--51183,+43138,0.52
20250314,242500,+245500,-230000,-231000,-11500,-4.74,402574,94166,0.52,+152794,--1442,--156338,--115909,--113509,+31.94,+31.94,+31.94,--156338,--1442,+152794,0.52
20250317,+233500,+240500,+232500,+235000,+4000,+1.73,214597,50553,0.53,--27474,+31733,--6989,--9811,+23017,+31.93,+31.93,+31.93,--6989,+31733,--27474,0.53
20250318,+237500,+243000,-231500,-231500,-3500,-1.49,222768,52453,0.57,+33911,+12905,--45164,--30813,--39447,+31.86,+31.86,+31.86,--45164,+12905,+33911,0.57
20250319,+237000,+251500,+236500,+242000,+10500,+4.54,611502,149844,0.56,--66356,+32806,--69033,+56974,+104094,+31.76,+31.76,+31.76,--69033,+32806,--66356,0.56
20250320,+246000,+262000,+245000,+257000,+15000,+6.20,673739,172000,0.55,--140161,+57457,+74188,+66362,+71586,+31.87,+31.87,+31.87,+74188,+57457,--140161,0.55
20250321,+259000,+263500,-246500,+261500,+4500,+1.75,625338,161132,0.54,+10737,+41254,--66790,+36073,--50514,+31.77,+31.77,+31.77,--66790,+41254,+10737,0.54
20250324,261500,+267000,-258000,+264500,+3000,+1.15,402599,106276,0.50,--31924,+22,+17706,+95620,+17915,+31.80,+31.80,+31.80,+17706,+22,--31924,0.50
20250325,+265000,+268500,-258000,-259500,-5000,-1.89,255202,67068,0.52,--37960,+39300,--1745,+28151,--21289,+31.80,+31.80,+31.80,--1745,+39300,--37960,0.52
20250326,+262000,+274500,+261000,+272000,+12500,+4.82,412341,111158,0.51,--95300,+67904,+52257,+52462,+34416,+31.87,+31.87,+31.87,+52257,+67904,--95300,0.51
20250327,-267000,+276000,-267000,-269000,-3000,-1.10,281035,76395,0.49,+1019,+4167,--41897,+38150,--9583,+31.81,+31.81,+31.81,--41897,+4167,+1019,0.49
20250328,+271500,+272500,-258000,-259000,-10000,-3.72,271423,70849,0.48,+23737,+19277,--124245,--24076,--44742,+31.64,+31.64,+31.64,--124245,+19277,+23737,0.48
20250331,-251500,-253500,-243500,-245000,-14000,-5.41,376594,93046,0.49,+6897,+18721,--25654,--58278,--38702,+31.60,+31.60,+31.60,--25654,+18721,+6897,0.49
20250401,+248500,+251500,-238500,-244000,-1000,-0.41,275259,67301,0.48,+21008,+15850,+37342,--35348,--37078,+31.65,+31.65,+31.65,+37342,+15850,+21008,0.48
20250402,+244500,+246000,-229500,-232500,-11500,-4.71,357276,83749,0.47,+100382,--42348,--62360,--44846,--83327,+31.56,+31.56,+31.56,--62360,--42348,+100382,0.47
20250403,-224000,-227500,-221000,-223000,-9500,-4.09,311765,69784,0.46,+110135,--12201,--51925,--75499,--64154,+31.49,+31.49,+31.49,--51925,--12201,+110135,0.46
20250404,-219000,+231000,-219000,+229500,+6500,+2.91,308054,69580,0.48,--2902,+23920,+6611,--19879,+2768,+31.50,+31.50,+31.50,+6611,+23920,--2902,0.48
20250407,-215500,-221000,-212500,-213500,-16000,-6.97,457294,98687,0.50,+106628,+10639,--197248,--113352,--104521,+31.22,+31.22,+31.22,--197248,+10639,+106628,0.50
20250408,+218000,+220000,-210000,-211500,-2000,-0.94,323215,69044,0.50,+58870,+31598,--98241,--84304,--67598,+31.08,+31.08,+31.08,--98241,+31598,+58870,0.50
20250409,-209000,+215500,-202500,-203500,-8000,-3.78,431181,88972,0.51,+114331,--784,--90708,--107414,--141298,+30.95,+30.95,+30.95,--90708,--784,+114331,0.51
20250410,+217500,+227000,+210500,+225500,+22000,+10.81,507522,112508,0.52,--144295,+50552,+102195,+73202,+134945,+31.10,+31.10,+31.10,+102195,+50552,--144295,0.52
20250411,-219500,-222500,-216000,-221500,-4000,-1.77,221809,48704,0.54,+27031,+1254,--31030,--1329,--48143,+31.05,+31.05,+31.05,--31030,+1254,+27031,0.54
20250414,+224000,+233000,+224000,+224500,+3000,+1.35,184201,41785,0.49,+27368,--10572,--15591,--3375,--18382,+31.03,+31.03,+31.03,--15591,--10572,+27368,0.49
20250415,-223000,+226000,-219500,+225000,+500,+0.22,160219,35911,0.50,--9161,+24061,--12033,--10892,+23978,+31.01,+31.01,+31.01,--12033,+24061,--9161,0.50
20250416,+226500,+230000,-219500,-220000,-5000,-2.22,182493,40486,0.51,+37087,--1656,--39071,--36838,--12068,+30.96,+30.96,+30.96,--39071,--1656,+37087,0.51
20250417,-218500,+223000,-216500,+221000,+1000,+0.45,173257,38165,0.51,+13625,+17970,--32373,--44007,--10536,+30.91,+30.91,+30.91,--32373,+17970,+13625,0.51
20250418,+222000,+222500,-218000,-220500,-500,-0.23,121724,26776,0.52,+19035,--10034,+4757,--2062,+3288,+30.92,+30.92,+30.92,+4757,--10034,+19035,0.52
20250421,-219500,+222000,-215500,-217500,-3000,-1.36,139454,30364,0.52,+52148,--30217,--26949,--22160,--34081,+30.88,+30.88,+30.88,--26949,--30217,+52148,0.52
20250422,-216000,+220500,-214500,-215500,-2000,-0.92,156321,33799,0.53,+29507,--11400,+31850,--20878,--22179,+30.93,+30.93,+30.93,+31850,--11400,+29507,0.53
20250423,+220000,+226000,+217500,+224000,+8500,+3.94,293033,65162,0.54,--89296,+80469,+16312,--25844,+19090,+30.95,+30.95,+30.95,+16312,+80469,--89296,0.54
20250424,+225000,+225000,-218000,-223000,-1000,-0.45,163801,36198,0.55,+19534,--22435,--18972,+7817,--12740,+30.92,+30.92,+30.92,--18972,--22435,+19534,0.55
20250425,+225000,+229000,-222500,+224500,+1500,+0.67,201389,45332,0.55,--28375,+34851,--18705,--25459,--15532,+30.90,+30.90,+30.90,--18705,+34851,--28375,0.55
20250428,+226000,+227000,-221000,-221000,-3500,-1.56,246442,55031,0.54,+44141,+32846,--120805,--94255,--72839,+30.73,+30.73,+30.73,--120805,+32846,+44141,0.54
20250429,+223000,+227000,+221500,+225500,+4500,+2.04,181044,40657,0.53,--48927,+40147,+19376,--6269,--7053,+30.75,+30.75,+30.75,+19376,+40147,--48927,0.53
20250430,-225000,-225000,-215000,-216000,-9500,-4.21,252764,55162,0.55,+136959,--89555,--106075,--24097,--73827,+30.60,+30.60,+30.60,--106075,--89555,+136959,0.55
20250502,216000,+217500,-207000,-210000,-6000,-2.78,377264,79274,0.52,+158899,--71619,--93191,--110029,--17515,+30.47,+30.47,+30.47,--93191,--71619,+158899,0.52
20250507,+212500,+213000,-206500,-208000,-2000,-0.95,369484,77016,0.57,+121352,+34146,--158194,--184083,--106541,+30.25,+30.25,+30.25,--158194,+34146,+121352,0.57
20250508,208000,+211500,-207500,+209000,+1000,+0.48,371941,77698,0.61,+54294,--66458,+18171,--18251,--47822,+30.27,+30.27,+30.27,+18171,--66458,+54294,0.61
20250509,+210000,+210000,-205000,-205500,-3500,-1.67,253846,52537,0.63,+80380,--53893,--34473,--4345,--68940,+30.22,+30.22,+30.22,--34473,--53893,+80380,0.63
20250512,+207000,+210500,+206000,+210500,+5000,+2.43,139178,28925,0.64,--5961,+3000,--50546,--2740,+4120,+30.15,+30.15,+30.15,--50546,+3000,--5961,0.64
20250513,+211000,+211000,-202000,-203000,-7500,-3.56,460327,94353,0.65,+221300,--104705,--140522,--90798,--196030,+29.95,+29.95,+29.95,--140522,--104705,+221300,0.65
20250514,+204000,+205000,-199900,+203500,+500,+0.25,247404,50061,0.65,+6221,--20213,+19818,+9270,--33342,+29.98,+29.98,+29.98,+19818,--20213,+6221,0.65
20250515,-202500,+204500,-201000,-202500,-1000,-0.49,133796,27193,0.73,+4051,--11800,+11904,+10506,+2434,+30.00,+30.00,+30.00,+11904,--11800,+4051,0.73
20250516,+203500,+204000,-193500,-193600,-8900,-4.40,529240,103490,0.72,+249073,--90665,--165687,--113423,--196676,+29.76,+29.76,+29.76,--165687,--90665,+249073,0.72
20250519,-193000,+200500,-193000,+195800,+2200,+1.14,333557,65947,0.72,--76239,+5897,+103687,+49154,+74508,+29.91,+29.91,+29.91,+103687,+5897,--76239,0.72
20250520,+197000,+197300,-189000,-189700,-6100,-3.12,403320,76936,0.75,+129208,--27801,--118953,--93367,--122751,+29.74,+29.74,+29.74,--118953,--27801,+129208,0.75
20250521,-189600,+192000,-187600,-188000,-1700,-0.90,379736,71832,0.71,+55420,--36635,--21203,--59824,--74839,+29.71,+29.71,+29.71,--21203,--36635,+55420,0.71
20250522,-187200,+190000,-182600,-186700,-1300,-0.69,351583,65384,0.76,+5577,--31123,+26269,+27874,--9540,+29.75,+29.75,+29.75,+26269,--31123,+5577,0.76
20250523,+187100,+189700,-182300,-182400,-4300,-2.30,220685,40501,0.76,+52229,--44961,--5804,--12950,--12443,+29.74,+29.74,+29.74,--5804,--44961,+52229,0.76
20250526,-181500,+188500,-181500,+187700,+5300,+2.91,224084,41736,0.76,--54357,+24266,+46086,+11748,+39273,+29.81,+29.81,+29.81,+46086,+24266,--54357,0.76
20250527,-185800,-186700,-182000,-182900,-4800,-2.56,223128,40920,0.78,+62345,--40188,--19794,--31172,--26690,+29.78,+29.78,+29.78,--19794,--40188,+62345,0.78
20250528,+184100,+194600,+183950,+193900,+11000,+6.01,431738,82440,0.75,--161774,+74640,+98946,+34226,+93327,+29.92,+29.92,+29.92,+98946,+74640,--161774,0.75
20250529,+194200,+202500,-192200,+199300,+5400,+2.78,413246,81980,0.77,--101909,+35360,+66075,+65707,+14438,+30.01,+30.01,+30.01,+66075,+35360,--101909,0.77
20250530,-197700,+199500,-193900,-197300,-2000,-1.00,500660,98739,0.72,+4617,--6902,--2906,--17462,--76408,+30.01,+30.01,+30.01,--2906,--6902,+4617,0.72
20250602,+197500,+198200,-193900,-195300,-2000,-1.01,157923,30866,0.69,+24626,--3358,--24531,--17454,--41189,+29.97,+29.97,+29.97,--24531,--3358,+24626,0.69
20250604,+197300,+202500,+197200,+198700,+3400,+1.74,281974,56206,0.70,--30683,+5235,--40002,--12117,+21011,+29.92,+29.92,+29.92,--40002,+5235,--30683,0.70
20250605,+199200,+204000,-197500,+201500,+2800,+1.41,240315,48360,0.71,--20293,+19472,--1569,--23813,+15600,+29.91,+29.91,+29.91,--1569,+19472,--20293,0.71
20250609,+203000,+203500,-198700,201500,0,0.00,315511,63339,0.70,+18574,--46668,+21435,+15401,+8237,+29.94,+29.94,+29.94,+21435,--46668,+18574,0.70
20250610,+203000,+212500,+202000,+206500,+5000,+2.48,407152,84566,0.70,--113658,--6731,+132553,+107910,+126225,+30.13,+30.13,+30.13,+132553,--6731,--113658,0.70
20250611,+210000,+214000,-205000,+208500,+2000,+0.97,289528,60365,0.70,+15839,+8753,+39792,+1576,--7344,+30.19,+30.19,+30.19,+39792,+8753,+15839,0.70
20250612,-207000,+213000,-206500,+210500,+2000,+0.96,446626,94040,0.66,--70384,--10010,+36839,+40855,+23399,+30.24,+30.24,+30.24,+36839,--10010,--70384,0.66
20250613,+211000,+213500,-206500,-208500,-2000,-0.95,298877,62553,0.66,--56708,+10427,+8052,+68738,--4468,+30.25,+30.25,+30.25,+8052,+10427,--56708,0.66
20250616,-208000,208500,-201000,-205500,-3000,-1.44,250900,51048,0.62,+12691,--43568,+27180,+633,--28626,+30.29,+30.29,+30.29,+27180,--43568,+12691,0.62
20250617,+207500,+211500,-204000,+207000,+1500,+0.73,262029,54209,0.62,--1726,--2504,+32247,+19881,--41289,+30.34,+30.34,+30.34,+32247,--2504,--1726,0.62
20250618,-204500,+209500,-204000,+207500,+500,+0.24,216329,44766,0.62,--4441,--168,+4201,--7823,--25395,+30.34,+30.34,+30.34,+4201,--168,--4441,0.62
20250619,+208500,+210000,-204000,-206000,-1500,-0.72,203413,41863,0.62,+19102,--26827,+38497,--15330,--40918,+30.40,+30.40,+30.40,+38497,--26827,+19102,0.62
20250620,+206500,+213500,-205000,+211500,+5500,+2.67,389198,81855,0.63,--43301,--3798,+39591,+73162,--39153,+30.45,+30.45,+30.45,+39591,--3798,--43301,0.63
20250623,-207500,-208000,-200500,-202500,-9000,-4.26,280173,56757,0.63,+129964,--81332,--56182,--52810,--80059,+30.37,+30.37,+30.37,--56182,--81332,+129964,0.63
20250624,+207500,+216000,+206500,+211000,+8500,+4.20,372374,78841,0.61,--120899,+24831,+173856,+50920,+61849,+30.62,+30.62,+30.62,+173856,+24831,--120899,0.61
20250625,+213500,+214000,-210000,+212500,+1500,+0.71,178210,37788,0.66,+15851,--21704,+24667,--2707,+24,+30.65,+30.65,+30.65,+24667,--21704,+15851,0.66
20250626,+213500,+218000,-211000,+216000,+3500,+1.65,313116,67364,0.61,--28561,+53220,--23734,--13450,--64282,+30.62,+30.62,+30.62,--23734,+53220,--28561,0.61
20250627,+217000,+218000,-208000,-209000,-7000,-3.24,227948,47934,0.62,+52480,--20851,--39700,--10202,--64162,+30.56,+30.56,+30.56,--39700,--20851,+52480,0.62
20250630,+211000,+215500,+210000,+211500,+2500,+1.20,173180,36722,0.60,--9512,+16494,--7919,--2632,--6292,+30.55,+30.55,+30.55,--7919,+16494,--9512,0.60
20250701,+213000,+236000,+212000,+229000,+17500,+8.27,810916,184284,0.62,--253293,+94396,+174991,+105419,+99409,+30.80,+30.80,+30.80,+174991,+94396,--253293,0.62
20250702,-227000,+241500,-226500,+240000,+11000,+4.80,627281,147782,0.62,--138481,+88534,+31699,+108137,--112676,+30.85,+30.85,+30.85,+31699,+88534,--138481,0.62
20250703,+248000,+262500,+246500,+257000,+17000,+7.08,1201428,310177,0.57,--147329,+125972,+113253,+138712,--5337,+31.01,+31.01,+31.01,+113253,+125972,--147329,0.57
20250704,-251000,+268500,-245000,+264500,+7500,+2.92,706352,184793,0.51,--94142,+77220,+105688,+44221,--17600,+31.16,+31.16,+31.16,+105688,+77220,--94142,0.51
20250707,+267500,+270500,-257000,-258500,-6000,-2.27,514957,135153,0.48,--31840,+47260,--19927,--55011,+13121,+31.13,+31.13,+31.13,--19927,+47260,--31840,0.48
20250708,-255000,+264250,-253000,-254500,-4000,-1.55,355808,91344,0.48,--16618,--16291,+48897,--21129,+26965,+31.20,+31.20,+31.20,+48897,--16291,--16618,0.48
20250709,+258000,+266500,+256000,+260000,+5500,+2.16,294670,76722,0.47,--7150,+19634,--12393,+1901,--2325,+31.18,+31.18,+31.18,--12393,+19634,--7150,0.47
20250710,+264500,+275000,+264000,+274000,+14000,+5.38,622092,169159,0.47,--74668,+105472,--25238,--14456,--62680,+31.14,+31.14,+31.14,--25238,+105472,--74668,0.47
20250711,+277000,+278500,-270500,-272000,-2000,-0.73,359580,98883,0.48,--696,+29028,--12397,--7675,--34099,+31.13,+31.13,+31.13,--12397,+29028,--696,0.48
20250714,+272500,+277500,-269500,+273500,+1500,+0.55,208053,56910,0.48,--18420,+16047,+7399,--560,--40630,+31.14,+31.14,+31.14,+7399,+16047,--18420,0.48
20250715,-273000,+274000,-265500,-273000,-500,-0.18,256242,69444,0.48,--26519,+52633,--31238,--15715,--41266,+31.09,+31.09,+31.09,--31238,+52633,--26519,0.48
20250716,-271000,-272500,-262000,-263500,-9500,-3.48,327945,86711,0.48,+31871,--5343,--21890,--32493,--81839,+31.06,+31.06,+31.06,--21890,--5343,+31871,0.48
20250717,+265500,+272500,+264000,+269500,+6000,+2.28,318854,85796,0.48,--41712,--10971,+100518,+49580,+20493,+31.20,+31.20,+31.20,+100518,--10971,--41712,0.48
20250718,+272500,+277500,+270000,+272500,+3000,+1.11,244314,66803,0.50,--27121,+48920,--29120,--12928,--34177,+31.16,+31.16,+31.16,--29120,+48920,--27121,0.50
20250721,+273000,+293000,-271000,+287000,+14500,+5.32,575916,165282,0.48,--105708,+80257,+31260,+30075,+57442,+31.21,+31.21,+31.21,+31260,+80257,--105708,0.48
20250722,+292000,+299000,287000,+289000,+2000,+0.70,418076,122336,0.49,+15231,--9849,--12850,+15215,+459,+31.19,+31.19,+31.19,--12850,--9849,+15231,0.49
20250723,+296000,+301000,289000,+291000,+2000,+0.69,431760,126710,0.49,+12311,+26724,--32511,--11471,--51458,+31.14,+31.14,+31.14,--32511,+26724,+12311,0.49
20250724,-288500,+305000,-287500,+305000,+14000,+4.81,546808,163946,0.48,--155031,+45820,+128575,+81856,+35687,+31.32,+31.32,+31.32,+128575,+45820,--155031,0.48
20250725,305000,+308000,-299000,+307000,+2000,+0.66,382336,116562,0.47,--31305,+599,+35685,+52790,+34103,+31.37,+31.37,+31.37,+35685,+599,--31305,0.47
20250728,+309500,+318500,+309500,+313000,+6000,+1.95,312827,98369,0.46,--30198,+67312,--35181,--10812,--16183,+31.33,+31.33,+31.33,--35181,+67312,--30198,0.46
20250729,-306500,-309000,-298500,-308000,-5000,-1.60,384643,117377,0.45,--20417,--1473,+39732,+940,+51619,+31.38,+31.38,+31.38,+39732,--1473,--20417,0.45
20250730,-304500,+308500,-300500,-306000,-2000,-0.65,323896,98158,0.46,--19974,--21610,+46917,+34464,+76725,+31.45,+31.45,+31.45,+46917,--21610,--19974,0.46
20250731,+315500,+322500,-297500,-301500,-4500,-1.47,422313,129620,0.46,--1623,--42038,+26174,+57963,+21506,+31.48,+31.48,+31.48,+26174,--42038,--1623,0.46
20250801,-294500,+302000,-287000,-290000,-11500,-3.81,385496,112844,0.46,--33156,--12969,+52343,--485,+30180,+31.56,+31.56,+31.56,+52343,--12969,--33156,0.46
20250804,+294000,+294500,-284000,-289500,-500,-0.17,268894,77834,0.45,+38160,--16845,--17935,--25772,+15112,+31.53,+31.53,+31.53,--17935,--16845,+38160,0.45
20250805,+293000,+302000,+292000,+298000,+8500,+2.94,277568,82478,0.44,+3451,--6922,+2971,+19320,--5884,+31.54,+31.54,+31.54,+2971,--6922,+3451,0.44
20250806,-296000,+307000,-295000,+301000,+3000,+1.01,265521,80217,0.44,--29805,--6975,+44847,+986,--8717,+31.60,+31.60,+31.60,+44847,--6975,--29805,0.44
20250807,+303500,+303500,-292000,-292500,-8500,-2.82,257418,76285,0.45,+24380,--57624,+24059,--10935,--2416,+31.64,+31.64,+31.64,+24059,--57624,+24380,0.45
20250808,-292000,292500,-271000,-276500,-16000,-5.47,625417,172883,0.45,+268316,--161057,--118936,--40266,--78779,+31.47,+31.47,+31.47,--118936,--161057,+268316,0.45
20250811,-274500,+279000,-273500,+277500,+1000,+0.36,233130,64453,0.44,--668,--34707,+52551,+15096,+28976,+31.54,+31.54,+31.54,+52551,--34707,--668,0.44
20250812,-275000,+280000,-273500,-275500,-2000,-0.72,162707,45076,0.51,--30602,--13183,+44603,+46833,+53740,+31.60,+31.60,+31.60,+44603,--13183,--30602,0.51
20250813,+278000,+279500,-269500,+279500,+4000,+1.45,413119,114681,0.52,--48443,+12339,+38803,+12274,+25101,+31.66,+31.66,+31.66,+38803,+12339,--48443,0.52
20250814,+280000,+282500,-277500,+282500,+3000,+1.07,214283,60206,0.52,--32821,+60354,--27188,--19702,--40556,+31.62,+31.62,+31.62,--27188,+60354,--32821,0.52
20250818,-280000,+283500,-274500,-276000,-6500,-2.30,187334,52153,0.50,--11322,--12679,+25011,--5703,+6292,+31.66,+31.66,+31.66,+25011,--12679,--11322,0.50
20250819,+276500,+279500,-272500,+277500,+1500,+0.54,185341,51154,0.48,--22487,+1396,+43312,+29382,+28626,+31.72,+31.72,+31.72,+43312,+1396,--22487,0.48
20250820,-277000,+286500,-277000,+283500,+6000,+2.16,367843,103871,0.50,--91671,+56351,+32733,+28173,--39461,+31.76,+31.76,+31.76,+32733,+56351,--91671,0.50
20250821,+287000,+302500,-283000,+293000,+9500,+3.35,511584,151543,0.50,--135456,+24965,+136021,+101982,+27468,+31.96,+31.96,+31.96,+136021,+24965,--135456,0.50
20250822,+294000,+296000,-286000,-287500,-5500,-1.88,189281,54564,0.49,+1319,+4862,--11058,+3641,--67,+31.94,+31.94,+31.94,--11058,+4862,+1319,0.49
20250825,+290000,+293000,-285000,+292500,+5000,+1.74,162261,47082,0.46,--28537,+30966,+541,+11734,--19178,+31.94,+31.94,+31.94,+541,+30966,--28537,0.46
20250826,-291000,+296500,-289000,-289500,-3000,-1.03,211149,61586,0.45,--9340,+3681,+15472,--22006,+2610,+31.96,+31.96,+31.96,+15472,+3681,--9340,0.45
20250827,+290500,+290500,-285000,-286500,-3000,-1.04,119955,34454,0.45,+11617,--4332,--3503,--4255,--9879,+31.96,+31.96,+31.96,--3503,--4332,+11617,0.45
20250828,+287000,+292500,-280000,-281500,-5000,-1.75,172022,48651,0.45,--1231,--24078,+21676,+28903,+25114,+31.99,+31.99,+31.99,+21676,--24078,--1231,0.45
20250829,+284000,+286000,-276000,-277500,-4000,-1.42,202049,56448,0.45,--4352,--25452,+27030,+30664,+23220,+32.03,+32.03,+32.03,+27030,--25452,--4352,0.45
20250901,-275000,-275000,-270000,-271500,-6000,-2.16,135526,36810,0.45,--3823,--19146,+27769,+19071,+20447,+32.07,+32.07,+32.07,+27769,--19146,--3823,0.45
20250902,-271000,+272000,-264500,-269500,-2000,-0.74,175907,47072,0.45,+12100,--14277,--15328,+5768,+10190,+32.05,+32.05,+32.05,--15328,--14277,+12100,0.45
20250903,269500,+273000,-268500,+270000,+500,+0.19,94431,25543,0.45,--2608,--10862,--8293,+14488,+5992,+32.03,+32.03,+32.03,--8293,--10862,--2608,0.45
20250904,+274000,+279500,+273000,+278000,+8000,+2.96,152241,42101,0.45,--7423,+8900,+596,+10929,--1290,+32.03,+32.03,+32.03,+596,+8900,--7423,0.45
20250905,278000,+278500,-272500,-274500,-3500,-1.26,136324,37497,0.44,--19213,+12448,+7473,+4463,+16073,+32.05,+32.05,+32.05,+7473,+12448,--19213,0.44
20250908,-271000,+277000,-271000,+275500,+1000,+0.36,98768,27138,0.45,--14198,+9504,+9953,+7127,+19475,+32.06,+32.06,+32.06,+9953,+9504,--14198,0.45
20250909,+280500,+296000,275500,+293000,+17500,+6.35,510456,147318,0.44,--114108,+89116,+48759,+20294,+74247,+32.13,+32.13,+32.13,+48759,+89116,--114108,0.44
20250910,-290500,-292500,-285500,-287000,-6000,-2.05,224616,64563,0.44,+5506,+26002,--40423,--14109,--73822,+32.07,+32.07,+32.07,--40423,+26002,+5506,0.44
20250911,+288500,+290000,-285500,+290000,+3000,+1.05,230401,66472,0.42,--13096,+37975,--9292,--16215,--33547,+32.06,+32.06,+32.06,--9292,+37975,--13096,0.42
20250912,+293000,+293000,-288000,290000,0,0.00,187098,54335,0.43,--12001,--17044,+29516,+29939,+6773,+32.10,+32.10,+32.10,+29516,--17044,--12001,0.43
20250915,-288500,+301500,-288500,+293500,+3500,+1.21,292193,86196,0.43,--51404,--19717,+86431,+53977,+7539,+32.22,+32.22,+32.22,+86431,--19717,--51404,0.43
20250916,+295000,+300500,-286500,-288000,-5500,-1.87,320132,93993,0.43,--21367,--64259,+81219,+38633,+8178,+32.34,+32.34,+32.34,+81219,--64259,--21367,0.43
20250917,+289500,+294500,-287500,+292000,+4000,+1.39,142980,41742,0.44,--20449,--10807,+35294,+17485,+28786,+32.39,+32.39,+32.39,+35294,--10807,--20449,0.44
20250918,+293500,+306500,-289500,+301000,+9000,+3.08,301884,90387,0.43,--90031,+27182,+63803,+60465,+56658,+32.48,+32.48,+32.48,+63803,+27182,--90031,0.43
20250919,-299500,+303000,-291000,-291000,-10000,-3.32,343090,100524,0.44,+40343,--13628,--38267,--51662,--36591,+32.42,+32.42,+32.42,--38267,--13628,+40343,0.44
20250922,+293500,+302000,+293000,+295000,+4000,+1.37,159506,47382,0.43,--23238,+7718,--13705,+17373,+10381,+32.40,+32.40,+32.40,--13705,+7718,--23238,0.43
20250923,295000,+300500,-293000,+298500,+3500,+1.19,157221,46841,0.43,--23474,+8528,--39317,+11986,+12918,+32.35,+32.35,+32.35,--39317,+8528,--23474,0.43
20250924,+300000,+300500,-285500,-286000,-12500,-4.19,238319,68883,0.42,+97328,--44313,--18413,--38763,--66222,+32.32,+32.32,+32.32,--18413,--44313,+97328,0.42
20250925,+287000,+292500,286000,+292500,+6500,+2.27,205795,59701,0.42,--19980,+13146,+25123,--13660,+3508,+32.36,+32.36,+32.36,+25123,+13146,--19980,0.42
20250926,-289500,-291000,-280500,-282500,-10000,-3.42,227238,64439,0.45,+21645,--37888,+7420,--26130,+3839,+32.37,+32.37,+32.37,+7420,--37888,+21645,0.45
20250929,+285000,+285500,-275500,-280000,-2500,-0.88,186592,52022,0.43,+38867,--40789,--9610,--21157,--2274,+32.35,+32.35,+32.35,--9610,--40789,+38867,0.43
20250930,-278500,+284500,-277500,-278000,-2000,-0.71,165726,46336,0.44,+5386,--25373,+20416,+19083,+5656,+32.38,+32.38,+32.38,+20416,--25373,+5386,0.44
20251001,+279000,+283000,-275000,+281500,+3500,+1.26,141779,39686,0.44,--8674,+4944,+4847,+3706,--8648,+32.39,+32.39,+32.39,+4847,+4944,--8674,0.44
20251002,+286000,+288000,-277500,-277500,-4000,-1.42,301239,84478,0.44,+36969,--63339,+34798,--6591,+56044,+32.44,+32.44,+32.44,+34798,--63339,+36969,0.44
20251010,+282000,+287500,277500,+279000,+1500,+0.54,288939,81135,0.44,--16747,--57186,+81239,+93906,+45001,+32.56,+32.56,+32.56,+81239,--57186,--16747,0.44
20251013,-278000,+282000,-271500,+282000,+3000,+1.08,245693,68314,0.46,+11437,--48881,+37176,+58093,+668,+32.61,+32.61,+32.61,+37176,--48881,+11437,0.46
20251014,-280000,+299500,-280000,+296500,+14500,+5.14,479724,141321,0.47,--189449,+23309,+143662,+162955,+98014,+32.81,+32.81,+32.81,+143662,+23309,--189449,0.47
20251015,-295000,-295500,-291000,-294000,-2500,-0.84,172127,50493,0.47,+11479,+743,--31079,--2133,--32552,+32.77,+32.77,+32.77,--31079,+743,+11479,0.47
20251016,+294500,+312000,+294500,+312000,+18000,+6.12,557451,171433,0.44,--209319,+87791,+130152,+59817,+126676,+32.95,+32.95,+32.95,+130152,+87791,--209319,0.44
20251017,-309500,+350000,-308500,+339000,+27000,+8.65,1150682,389629,0.43,--349308,+82196,+259093,+42538,+281143,+33.32,+33.32,+33.32,+259093,+82196,--349308,0.43
20251020,-337500,+350000,-333500,+347500,+8500,+2.51,449112,154424,0.42,--76956,+17203,+56625,+49531,--4787,+33.40,+33.40,+33.40,+56625,+17203,--76956,0.42
20251021,-343000,+354000,-341000,-346000,-1500,-0.43,357271,124396,0.39,--67529,+9054,+51465,+19659,--13148,+33.47,+33.47,+33.47,+51465,+9054,--67529,0.39
20251022,+356000,+395500,+351000,+391000,+45000,+13.01,1575365,604707,0.38,--229451,+102276,+166446,+65373,+277025,+33.71,+33.71,+33.71,+166446,+102276,--229451,0.38
20251023,+406500,+408000,-387000,-389500,-1500,-0.38,892900,352590,0.36,+91570,--21900,--113320,--22597,--15743,+33.55,+33.55,+33.55,--113320,--21900,+91570,0.36
20251024,-386000,+410000,-383000,+401000,+11500,+2.95,811185,322475,0.41,--115749,+79448,+79246,+6812,--50343,+33.66,+33.66,+33.66,+79246,+79448,--115749,0.41
20251027,+402500,+407500,-391000,+404000,+3000,+0.75,447924,179923,0.45,--85020,+32048,+53616,+44085,+29480,+33.74,+33.74,+33.74,+53616,+32048,--85020,0.45
20251028,-399000,+414500,-395500,+413500,+9500,+2.35,503165,205142,0.44,--97771,+25638,+37410,+65392,+35624,+33.79,+33.79,+33.79,+37410,+25638,--97771,0.44
20251029,-412500,+422000,-409500,+417000,+3500,+0.85,432477,179828,0.42,--74671,--9754,+80248,+82957,+20011,+33.90,+33.90,+33.90,+80248,--9754,--74671,0.42
20251030,-412000,+423500,-400000,-405000,-12000,-2.88,439474,179393,0.43,--72707,--24782,+99592,+83382,+103647,+34.04,+34.04,+34.04,+99592,--24782,--72707,0.43
20251031,-393500,-400500,-389000,-397500,-7500,-1.85,501518,197507,0.41,--13697,--13817,+7680,+27839,+62872,+34.05,+34.05,+34.05,+7680,--13817,--13697,0.41
20251103,+399000,+401000,-385500,-393000,-4500,-1.13,345947,135365,0.39,+29060,--64862,+30773,--9325,+37069,+34.10,+34.10,+34.10,+30773,--64862,+29060,0.39
20251104,+400000,+409000,-391000,+395000,+2000,+0.51,294129,116937,0.39,--1268,--19082,+17990,+26732,+8023,+34.12,+34.12,+34.12,+17990,--19082,--1268,0.39
20251105,+395500,+401000,-373000,-385000,-10000,-2.53,436160,167644,0.41,--8864,--19037,+36140,+9973,--12264,+34.17,+34.17,+34.17,+36140,--19037,--8864,0.41
20251106,+393000,+405500,+385500,+385500,+500,+0.13,441659,174165,0.42,--38707,+21004,--32403,+34071,+65736,+34.13,+34.13,+34.13,--32403,+21004,--38707,0.42
20251107,+389000,+394000,-375000,-382000,-3500,-0.91,259098,99116,0.43,--9340,+2677,--13622,+22193,+21825,+34.11,+34.11,+34.11,--13622,+2677,--9340,0.43
20251110,+385500,+401000,-375500,+397000,+15000,+3.93,290167,113998,0.41,--55038,+18994,--9733,--1000,+1121,+34.10,+34.10,+34.10,--9733,+18994,--55038,0.41
20251111,+401500,+405000,-392500,+399500,+2500,+0.63,396621,158437,0.41,--8750,--2955,+41028,--46444,--110959,+34.15,+34.15,+34.15,+41028,--2955,--8750,0.41
20251112,+402500,+404000,-390000,-393500,-6000,-1.50,401469,159108,0.41,+49824,+17149,--106480,--116207,--49718,+34.00,+34.00,+34.00,--106480,+17149,+49824,0.41
20251113,393500,+428500,393500,+419500,+26000,+6.61,676571,278997,0.41,--153844,+34410,+140888,+58564,+102321,+34.20,+34.20,+34.20,+140888,+34410,--153844,0.41
20251114,-406500,+420000,-403000,-407500,-12000,-2.86,338108,138935,0.43,+2553,--31092,+51261,+45558,+28176,+34.27,+34.27,+34.27,+51261,--31092,+2553,0.43
20251117,+413000,+419500,-398000,-402000,-5500,-1.35,264512,107160,0.42,+41202,--22817,--52145,--2868,--10969,+34.20,+34.20,+34.20,--52145,--22817,+41202,0.42
20251118,-398000,+405500,-386500,-388000,-14000,-3.48,333994,132232,0.42,--43281,--16002,+63205,+46815,+9317,+34.29,+34.29,+34.29,+63205,--16002,--43281,0.42
20251119,+394000,+398500,-378000,+390500,+2500,+0.64,206165,79923,0.43,--18764,--2455,+34502,--3000,+15685,+34.34,+34.34,+34.34,+34502,--2455,--18764,0.43
20251120,+397500,+399000,-388500,-388500,-2000,-0.51,174417,68234,0.41,+16675,--16747,--5676,+4809,--12159,+34.33,+34.33,+34.33,--5676,--16747,+16675,0.41
20251121,-377500,-378000,-362750,-367000,-21500,-5.53,315503,116074,0.40,+41489,--9274,+363,--82091,+2857,+34.33,+34.33,+34.33,+363,--9274,+41489,0.40
20251124,+369000,+370500,-355000,-358500,-8500,-2.32,319529,114682,0.42,--7190,--32214,+38544,+39985,+13566,+34.39,+34.39,+34.39,+38544,--32214,--7190,0.42
20251125,+365000,+369000,+359500,+363000,+4500,+1.26,251051,91312,0.41,--28117,--45921,+75421,+63549,+55430,+34.49,+34.49,+34.49,+75421,--45921,--28117,0.41
20251126,+369500,+397500,+369000,+397000,+34000,+9.37,504358,196277,0.41,--120030,+57923,+77089,+72183,+111812,+34.60,+34.60,+34.60,+77089,+57923,--120030,0.41
20251127,-394500,+402500,-386000,-395500,-1500,-0.38,457285,180316,0.40,--25397,--33428,+89669,+86297,--83239,+34.73,+34.73,+34.73,+89669,--33428,--25397,0.40
20251128,+396500,+396500,-373000,-374000,-21500,-5.44,401535,152757,0.38,+117261,+40285,--150599,--165879,--119601,+34.52,+34.52,+34.52,--150599,+40285,+117261,0.38
20251201,+378000,+383500,-367000,-372000,-2000,-0.53,213121,79611,0.40,+4900,+45255,--75049,--70568,+7321,+34.41,+34.41,+34.41,--75049,+45255,+4900,0.40
20251202,+374500,+376500,-367500,-371500,-500,-0.13,178062,66240,0.43,+14449,--8338,+1011,--14819,--17701,+34.41,+34.41,+34.41,+1011,--8338,+14449,0.43
20251203,+373000,+383000,+372500,+380000,+8500,+2.29,193648,73243,0.43,--16787,+18171,+22395,--1823,--2177,+34.44,+34.44,+34.44,+22395,+18171,--16787,0.43
20251204,380000,+383000,-373500,-376000,-4000,-1.05,229061,86363,0.43,+2955,--28675,+7148,+45384,--76104,+34.45,+34.45,+34.45,+7148,--28675,+2955,0.43
20251205,+376500,+382000,-372000,+381500,+5500,+1.46,275857,104364,0.43,--23574,--703,+25451,+39463,--57000,+34.49,+34.49,+34.49,+25451,--703,--23574,0.43
20251208,+384000,+387000,-377500,+386500,+5000,+1.31,237724,91136,0.43,+22922,--31332,--1206,+5370,+11427,+34.49,+34.49,+34.49,--1206,--31332,+22922,0.43
20251209,-383500,-385000,-378000,-379500,-7000,-1.81,176352,67008,0.43,+37839,--22047,--21692,--15523,--22716,+34.46,+34.46,+34.46,--21692,--22047,+37839,0.43
20251210,+384500,+388500,-373500,-376000,-3500,-0.92,192669,72869,0.44,+28913,--14870,--37126,--19436,--61152,+34.40,+34.40,+34.40,--37126,--14870,+28913,0.44
20251211,+379500,+380500,-365500,-365500,-10500,-2.79,278618,102837,0.45,+48768,--34404,--10214,--33605,--18478,+34.39,+34.39,+34.39,--10214,--34404,+48768,0.45
20251212,+370000,+373000,+366500,+371500,+6000,+1.64,173965,64339,0.45,--4507,--5162,--2177,--7625,+27163,+34.39,+34.39,+34.39,--2177,--5162,--4507,0.45
20251215,-362000,+377000,-361500,-369000,-2500,-0.67,150033,55542,0.46,--19662,--25837,+37875,+37788,+12352,+34.44,+34.44,+34.44,+37875,--25837,--19662,0.46
20251216,+369500,+370000,-351500,-354000,-15000,-4.07,258691,92361,0.47,+55024,--50930,--53539,+12884,--44547,+34.36,+34.36,+34.36,--53539,--50930,+55024,0.47
20251217,+356500,+365000,+354500,+364000,+10000,+2.82,182526,66042,0.45,--31036,+2366,+14706,+28369,+30045,+34.38,+34.38,+34.38,+14706,+2366,--31036,0.45
20251218,-344000,-347000,-332500,-333000,-31000,-8.52,439388,147633,0.48,+113449,--49415,--78097,--55286,--32141,+34.27,+34.27,+34.27,--78097,--49415,+113449,0.48
20251219,+335000,+338500,-324500,+338500,+5500,+1.65,344256,114936,0.46,--22498,+15063,+29410,--6925,+10643,+34.32,+34.32,+34.32,+29410,+15063,--22498,0.46
20251222,+343000,+351000,+339000,+346000,+7500,+2.22,157106,54427,0.50,--24483,+19693,+20527,+14234,+13553,+34.35,+34.35,+34.35,+20527,+19693,--24483,0.50
20251223,+348000,+348000,-342500,-345500,-500,-0.14,143777,49590,0.49,--1950,--18777,+12605,+23091,+13300,+34.36,+34.36,+34.36,+12605,--18777,--1950,0.49
20251224,+347500,+349000,-342500,+346000,+500,+0.14,105513,36443,0.48,--3590,+5379,+6504,--1051,--2934,+34.37,+34.37,+34.37,+6504,+5379,--3590,0.48
